OBJECTID,shape_id,OBJECTID_1,route_id,trip_id,shape_id_1,OBJECTID_12,route_id_1,route_short_name,route_long_name,route_type,route_color,Shape__Length
20,109315,,7685,6685547,,,,89,Old National Highway / Union City,3,819FF7,0.206478146659779
33,109328,,7635,6641932,,,,2,Ponce de Leon Avenue / Druid Hills,3,819FF7,0.0849075640801561
36,109331,,7681,6690516,,,,84,Washington Rd/Camp Crk Marketplace,3,819FF7,0.134303531779513
62,109357,,7726,6676814,,,,191,Riverdale / ATL Intl Terminal,3,819FF7,0.402235574987671
63,109358,,7664,6631754,,,,853,Collier Heights,3,819FF7,0.114052063700217
88,109383,,7683,6649422,,,,86,Fairington Road,3,819FF7,0.205246075195513
93,109388,,7704,6650492,,,,124,Pleasantdale Road,3,819FF7,0.143426437682046
100,109395,,7673,6632439,,,,73,Fulton Industrial,3,819FF7,0.17552577643067
107,109402,,11841,6674950,,,,850,Carroll Heights / Fairburn Heights,3,819FF7,0.104875838151412
117,109412,,7700,6638419,,,,119,Hairston Road / Stone Mtn Village,3,819FF7,0.166840660065132
133,109428,,11844,6656900,,,,832,Grant Park,3,819FF7,0.103992996307083
142,109437,,7659,6672631,,,,42,Pryor Road,3,819FF7,0.141266759778477
163,109458,,7722,6638046,,,,183,Barge Road P&R / Lakewood,3,819FF7,0.212677543494939
183,109478,,7721,6644513,,,,181,Washington Road / Fairburn,3,819FF7,0.187996611114976
251,109546,,7648,6688005,,,,24,McAfee / Hosea Williams,3,819FF7,0.237327651484366
291,109586,,7636,6641935,,,,3,Martin Luther King Jr Dr/Auburn Ave,3,819FF7,0.110797183584077
334,109629,,7666,6685444,,,,856,Baker Hills / Wilson Mill Meadows,3,819FF7,0.0944955025607428
359,109654,,7655,6693254,,,,34,2nd Ave/Gresham Rd/Clifton Spgs Rd,3,819FF7,0.115833830901144
360,109655,,7655,6660345,,,,34,2nd Ave/Gresham Rd/Clifton Spgs Rd,3,819FF7,0.137876243395825
1195,109296,,7639,6633108,,,,6,Clifton Road / Emory,3,819FF7,0.0731785849364151
1196,109297,,7665,6665683,,,,55,Jonesboro Road,3,819FF7,0.220069033329812
1197,109298,,7679,6649169,,,,82,Camp Creek / South Fulton Parkway,3,819FF7,0.0857830834945238
1198,109299,,7713,6632636,,,,153,James Jackson Parkway,3,819FF7,0.0469620982542316
1199,109300,,7721,6677758,,,,181,Washington Road / Fairburn,3,819FF7,0.254653823012921
1200,109301,,7728,6666252,,,,193,Morrow / Jonesboro,3,819FF7,0.284307388114529
1201,109302,,7731,6688985,,,,196,Upper Riverdale / Southlake,3,819FF7,0.248052841961824
1202,109303,,7732,6641433,,,,201,Six Flags Over Georgia,3,819FF7,0.11298287682942
1203,109304,,7732,6656861,,,,201,Six Flags Over Georgia,3,819FF7,0.11298287682942
1204,109305,,7732,6638295,,,,201,Six Flags Over Georgia,3,819FF7,0.100212061526511
1205,109306,,7734,6677121,,,,800,Lovejoy,3,819FF7,0.270045473339323
1206,109307,,7693,6677126,,,,809,Monroe Drive / Boulevard,3,819FF7,0.127789440645911
1207,109308,,11844,6638334,,,,832,Grant Park,3,819FF7,0.0902589639079567
1208,109309,,7709,6632634,,,,141,Haynes Bridge Road / Milton,3,819FF7,0.238673566289604
1209,109310,,7712,6689916,,,,150,Perimeter Center / Dunwoody Village,3,819FF7,0.101286856814204
1210,109311,,7641,6632252,,,,9,Boulevard / Tilson Road,3,819FF7,0.181474785152359
1211,109312,,7655,6664607,,,,34,2nd Ave/Gresham Rd/Clifton Spgs Rd,3,819FF7,0.123175969881637
1212,109313,,7673,6643331,,,,73,Fulton Industrial,3,819FF7,0.188531172095124
1213,109314,,7679,6686806,,,,82,Camp Creek / South Fulton Parkway,3,819FF7,0.24840201675372
1214,109316,,7685,6657542,,,,89,Old National Highway / Union City,3,819FF7,0.204662012622468
1215,109317,,7690,6649449,,,,103,Peeler Road / N Shallowford Road,3,819FF7,0.119358930742136
1216,109318,,7726,6656586,,,,191,Riverdale / ATL Intl Terminal,3,819FF7,0.412521587153168
1217,109319,,7732,6638281,,,,201,Six Flags Over Georgia,3,819FF7,0.11298287682942
1218,109320,,7642,6637618,,,,12,Howell Mill Road / Cumberland,3,819FF7,0.174827866499451
1219,109321,,7661,6642297,,,,49,McDonough Boulevard,3,819FF7,0.125938658502341
1220,109322,,7684,6681217,,,,87,Roswell Road / Morgan Falls,3,819FF7,0.192537617117276
1221,109323,,7691,6682826,,,,104,Winters Chapel Road,3,819FF7,0.0705612030433997
1222,109324,,7706,6661599,,,,126,Chamblee-Tucker Road,3,819FF7,0.118617973676013
1223,109325,,7708,6661354,,,,140,North Point Parkway,3,819FF7,0.203677756957699
1224,109326,,7726,6632702,,,,191,Riverdale / ATL Intl Terminal,3,819FF7,0.390408569962989
1225,109327,,7670,6677186,,,,867,Peyton Forest / Dixie Hills,3,819FF7,0.112769339648676
1226,109329,,7637,6660003,,,,4,Moreland Avenue,3,819FF7,0.10249844839935
1227,109330,,7671,6680908,,,,68,Benjamin E Mays Drive,3,819FF7,0.188617236462779
1228,109332,,7706,6682954,,,,126,Chamblee-Tucker Road,3,819FF7,0.117681683429318
1229,109333,,7722,6691694,,,,183,Barge Road P&R / Lakewood,3,819FF7,0.101026142810873
1230,109334,,7729,6670914,,,,194,Conley Road / Mt Zion,3,819FF7,0.348681692720515
1231,109335,,7634,6651062,,,,1,Marietta Blvd/Joseph E Lowery Blvd,3,819FF7,0.11602434665745
1232,109336,,7637,6648179,,,,4,Moreland Avenue,3,819FF7,0.0916093136050703
1233,109337,,7656,6680330,,,,36,N Decatur Road / Virginia Highland,3,819FF7,0.152654293897434
1234,109338,,7676,6669947,,,,78,Cleveland Ave,3,819FF7,0.0946867016707342
1235,109339,,7687,6681233,,,,95,Metropolitan Parkway,3,819FF7,0.101720320776468
1236,109340,,7705,6657237,,,,125,Clarkston / Northlake,3,819FF7,0.136655911033264
1237,109341,,7706,6673846,,,,126,Chamblee-Tucker Road,3,819FF7,0.153783463467122
1238,109342,,7725,6673210,,,,189,Flat Shoals Road / Scofield Road,3,819FF7,0.17022527629597
1239,109343,,7693,6656886,,,,809,Monroe Drive / Boulevard,3,819FF7,0.0917933471701685
1240,109344,,7737,6657189,,,,865,Boulder Park Drive,3,819FF7,0.101330644571387
1241,109345,,7689,6665574,,,,102,North Avenue / Little Five Points,3,819FF7,0.0717309255608221
1242,109346,,7725,6632698,,,,189,Flat Shoals Road / Scofield Road,3,819FF7,0.180163125868577
1243,109347,,7688,6689703,,,,816,North Highland Avenue,3,819FF7,0.1202121750464
1244,109348,,7665,6642322,,,,55,Jonesboro Road,3,819FF7,0.198043329959625
1245,109349,,7695,6632561,,,,111,Snapfinger Woods,3,819FF7,0.29478841883658
1246,109350,,7701,6661858,,,,120,East Ponce De Leon Avenue,3,819FF7,0.120730372526508
1247,109351,,7710,6633366,,,,143,Windward Park & Ride,3,819FF7,0.21000388268341
1248,109352,,7710,6639988,,,,143,Windward Park & Ride,3,819FF7,0.280670507685392
1249,109353,,7636,6659743,,,,3,Martin Luther King Jr Dr/Auburn Ave,3,819FF7,0.114624599342177
1250,109354,,7663,6642308,,,,51,Joseph E Boone Boulevard,3,819FF7,0.110256656193793
1251,109355,,7680,6693357,,,,83,Campbellton Road,3,819FF7,0.103365006988863
1252,109356,,7716,6688924,,,,165,Fairburn Road,3,819FF7,0.118692541157851
1253,109359,,7647,6655925,,,,21,Memorial Drive,3,819FF7,0.0850773120500577
1254,109360,,7738,6688217,,,,40,Peachtree Street / Downtown,3,819FF7,0.0837221704973631
1255,109361,,7663,6689588,,,,51,Joseph E Boone Boulevard,3,819FF7,0.110214621578191
1256,109362,,7714,6670612,,,,155,Pittsburgh,3,819FF7,0.102746146646507
1257,109363,,7666,6675186,,,,856,Baker Hills / Wilson Mill Meadows,3,819FF7,0.0919426911773198
1258,109364,,11842,6644209,,,,899,Old Fourth Ward,3,819FF7,0.0670921214014561
1259,109365,,7644,6664583,,,,15,Candler Road,3,819FF7,0.184576733117319
1260,109366,,7678,6642646,,,,81,Venetian Hills / Delowe Drive,3,819FF7,0.184224640171682
1261,109367,,7735,6651072,,,,94,Northside Drive,3,819FF7,0.097506111958566
1262,109368,,7701,6643029,,,,120,East Ponce De Leon Avenue,3,819FF7,0.120267120387106
1263,109369,,7704,6650488,,,,124,Pleasantdale Road,3,819FF7,0.140174690380057
1264,109370,,7714,6665944,,,,155,Pittsburgh,3,819FF7,0.113306018825531
1265,109371,,7724,6632690,,,,186,Rainbow Drive / South DeKalb,3,819FF7,0.244331381353897
1266,109372,,7725,6666232,,,,189,Flat Shoals Road / Scofield Road,3,819FF7,0.180875711227737
1267,109373,,7665,6693299,,,,55,Jonesboro Road,3,819FF7,0.211716011980495
1268,109374,,7667,6637756,,,,58,West Lake Avenue / Hollywood Road,3,819FF7,0.137941953296333
1269,109375,,7668,6648846,,,,60,Hightower Road,3,819FF7,0.103781890076246
1270,109376,,7674,6649136,,,,74,Flat Shoals Road,3,819FF7,0.131613362753417
1271,109377,,7710,6633377,,,,143,Windward Park & Ride,3,819FF7,0.265952962653581
1272,109378,,7664,6650468,,,,853,Collier Heights,3,819FF7,0.120417519180903
1273,109379,,7737,6650731,,,,865,Boulder Park Drive,3,819FF7,0.0892162177418182
1274,109380,,7663,6680620,,,,51,Joseph E Boone Boulevard,3,819FF7,0.11013384174163
1275,109381,,7674,6660701,,,,74,Flat Shoals Road,3,819FF7,0.136011015065588
1276,109382,,7682,6672659,,,,85,Roswell / Mansell Road,3,819FF7,0.171050691648544
1277,109384,,7646,6641987,,,,19,Clairmont Road,3,819FF7,0.13790185766584
1278,109385,,7677,6665251,,,,79,Sylvan Hills,3,819FF7,0.110647113095523
1279,109386,,7732,6656868,,,,201,Six Flags Over Georgia,3,819FF7,0.100212061526511
1280,109387,,7655,6689549,,,,34,2nd Ave/Gresham Rd/Clifton Spgs Rd,3,819FF7,0.116364112548134
1281,109389,,7710,6633373,,,,143,Windward Park & Ride,3,819FF7,0.276565186470858
1282,109390,,7732,6683237,,,,201,Six Flags Over Georgia,3,819FF7,0.100212061526511
1283,109391,,7732,6632748,,,,201,Six Flags Over Georgia,3,819FF7,0.100212061526511
1284,109392,,7732,6679755,,,,201,Six Flags Over Georgia,3,819FF7,0.100212061526511
1285,109393,,7659,6693268,,,,42,Pryor Road,3,819FF7,0.148333203783289
1286,109394,,7673,6682803,,,,73,Fulton Industrial,3,819FF7,0.158876005412401
1287,109396,,7709,6681621,,,,141,Haynes Bridge Road / Milton,3,819FF7,0.284664062855276
1288,109397,,7739,6662154,,,,142,East Holcomb Bridge Road,3,819FF7,0.124568055923328
1289,109398,,7730,6676839,,,,195,Forest Parkway,3,819FF7,0.275918126252895
1290,109399,,7673,6649126,,,,73,Fulton Industrial,3,819FF7,0.121764755268256
1291,109400,,7702,6649779,,,,121,Memorial Drive / N Hairston Road,3,819FF7,0.157234435137651
1292,109401,,7654,6633926,,,,825,Johnson Ferry Road,3,819FF7,0.0690116718337875
1293,109403,,7670,6650736,,,,867,Peyton Forest / Dixie Hills,3,819FF7,0.124403912136265
1294,109404,,7687,6686808,,,,95,Metropolitan Parkway,3,819FF7,0.104281145256445
1295,109405,,7701,6665630,,,,120,East Ponce De Leon Avenue,3,819FF7,0.145707538114913
1296,109406,,7710,6656040,,,,143,Windward Park & Ride,3,819FF7,0.263484792907855
1297,109407,,7649,6648482,,,,25,Peachtree Industrial Boulevard,3,819FF7,0.103346855086108
1298,109408,,7651,6688188,,,,27,Cheshire Bridge Road,3,819FF7,0.0883401014790753
1299,109409,,7665,6670333,,,,55,Jonesboro Road,3,819FF7,0.126252756644094
1300,109410,,7674,6688352,,,,74,Flat Shoals Road,3,819FF7,0.131914556098789
1301,109411,,7662,6680614,,,,50,Donald Lee Hollowell Parkway,3,819FF7,0.133202628330685
1302,109413,,7733,6692361,,,,221,Memorial Drive Limited,3,819FF7,0.0874681482630192
1303,109414,,7639,6680252,,,,6,Clifton Road / Emory,3,819FF7,0.132917494922215
1304,109415,,7650,6685011,,,,26,Marietta Street / Perry Boulevard,3,819FF7,0.1670197467693
1305,109416,,7655,6688051,,,,34,2nd Ave/Gresham Rd/Clifton Spgs Rd,3,819FF7,0.137385498353313
1306,109417,,7673,6651507,,,,73,Fulton Industrial,3,819FF7,0.134255967382656
1307,109418,,7691,6637920,,,,104,Winters Chapel Road,3,819FF7,0.0380790482512583
1308,109419,,7728,6633848,,,,193,Morrow / Jonesboro,3,819FF7,0.346629929231849
1309,109420,,7666,6650722,,,,856,Baker Hills / Wilson Mill Meadows,3,819FF7,0.0178267691552907
1310,109421,,7662,6680607,,,,50,Donald Lee Hollowell Parkway,3,819FF7,0.131497514241119
1311,109422,,7709,6649800,,,,141,Haynes Bridge Road / Milton,3,819FF7,0.252197153629023
1312,109423,,7712,6650775,,,,150,Perimeter Center / Dunwoody Village,3,819FF7,0.0626964193037067
1313,109424,,7712,6671547,,,,150,Perimeter Center / Dunwoody Village,3,819FF7,0.0674633235316536
1314,109425,,7670,6638362,,,,867,Peyton Forest / Dixie Hills,3,819FF7,0.0326255954756687
1315,109426,,7732,6692365,,,,201,Six Flags Over Georgia,3,819FF7,0.100212061526511
1316,109427,,7654,6681828,,,,825,Johnson Ferry Road,3,819FF7,0.0657003099666977
1317,109429,,7661,6638391,,,,49,McDonough Boulevard,3,819FF7,0.124274109932694
1318,109430,,7661,6681730,,,,49,McDonough Boulevard,3,819FF7,0.128190025897642
1319,109431,,7708,6661358,,,,140,North Point Parkway,3,819FF7,0.206131878573842
1320,109432,,7721,6644505,,,,181,Washington Road / Fairburn,3,819FF7,0.244114007479364
1321,109433,,7721,6671595,,,,181,Washington Road / Fairburn,3,819FF7,0.25284231522955
1322,109434,,7725,6666238,,,,189,Flat Shoals Road / Scofield Road,3,819FF7,0.169504812444311
1323,109435,,7648,6632291,,,,24,McAfee / Hosea Williams,3,819FF7,0.217650367361256
1324,109436,,7652,6685013,,,,30,LaVista Road,3,819FF7,0.16227094678511
1325,109438,,7660,6637720,,,,47,I-85 Access Road / Briarwood Road,3,819FF7,0.142454810387112
1326,109439,,7675,6660704,,,,75,Lawrenceville Highway,3,819FF7,0.154685386882378
1327,109440,,7716,6665957,,,,165,Fairburn Road,3,819FF7,0.0937967827143506
1328,109441,,7718,6676536,,,,172,Sylvan Road / Virginia Avenue,3,819FF7,0.14435060804159
1329,109442,,7693,6677129,,,,809,Monroe Drive / Boulevard,3,819FF7,0.0937420477282433
1330,109443,,7656,6632323,,,,36,N Decatur Road / Virginia Highland,3,819FF7,0.156149490762187
1331,109444,,7657,6664623,,,,37,Defoors Ferry Road,3,819FF7,0.1029820754799
1332,109445,,7669,6660664,,,,66,Lynhurst Drive / Princeton Lakes,3,819FF7,0.21500157150213
1333,109446,,7698,6654494,,,,116,Redan Road,3,819FF7,0.197742075762631
1334,109447,,7711,6650520,,,,148,Mount Vernon Highway,3,819FF7,0.115455692175359
1335,109448,,7728,6666247,,,,193,Morrow / Jonesboro,3,819FF7,0.309212989996052
1336,109449,,7732,6670961,,,,201,Six Flags Over Georgia,3,819FF7,0.100212061526511
1337,109450,,11842,6666604,,,,899,Old Fourth Ward,3,819FF7,0.0668682472879881
1338,109451,,7657,6664615,,,,37,Defoors Ferry Road,3,819FF7,0.106445181269673
1339,109452,,7709,6676506,,,,141,Haynes Bridge Road / Milton,3,819FF7,0.270870878222364
1340,109453,,7726,6632700,,,,191,Riverdale / ATL Intl Terminal,3,819FF7,0.381199325063894
1341,109454,,7640,6661610,,,,8,North Druid Hills Road,3,819FF7,0.194629961157461
1342,109455,,7672,6637797,,,,71,Cascade  Road,3,819FF7,0.133643703715651
1343,109456,,7679,6684679,,,,82,Camp Creek / South Fulton Parkway,3,819FF7,0.0838774161051975
1344,109457,,7699,6661846,,,,117,Rockbridge Road / Panola Road,3,819FF7,0.292149789773481
1345,109459,,7740,6651161,,,,295,Metropolitan Campus Express,3,819FF7,0.0567923355563742
1346,109460,,7670,6666601,,,,867,Peyton Forest / Dixie Hills,3,819FF7,0.110218848124841
1347,109461,,7655,6648523,,,,34,2nd Ave/Gresham Rd/Clifton Spgs Rd,3,819FF7,0.123643120628264
1348,109462,,7702,6632597,,,,121,Memorial Drive / N Hairston Road,3,819FF7,0.144885793635386
1349,109463,,7644,6688405,,,,15,Candler Road,3,819FF7,0.198489821503815
1350,109464,,7653,6660339,,,,32,Bouldercrest,3,819FF7,0.198165623942411
1351,109465,,7672,6649110,,,,71,Cascade  Road,3,819FF7,0.136357250313164
1352,109466,,7713,6649808,,,,153,James Jackson Parkway,3,819FF7,0.0783719920105432
1353,109467,,7722,6676798,,,,183,Barge Road P&R / Lakewood,3,819FF7,0.212677543494939
1354,109468,,7644,6664573,,,,15,Candler Road,3,819FF7,0.139559762085108
1355,109469,,7644,6683870,,,,15,Candler Road,3,819FF7,0.18130140332469
1356,109470,,7690,6661022,,,,103,Peeler Road / N Shallowford Road,3,819FF7,0.137533453017081
1357,109471,,11845,6674890,,,,133,Shallowford Road,3,819FF7,0.0963662762074082
1358,109472,,7710,6689655,,,,143,Windward Park & Ride,3,819FF7,0.191495477668226
1359,109473,,7724,6676805,,,,186,Rainbow Drive / South DeKalb,3,819FF7,0.231112774490581
1360,109474,,7725,6671696,,,,189,Flat Shoals Road / Scofield Road,3,819FF7,0.171681247542429
1361,109475,,7728,6681995,,,,193,Morrow / Jonesboro,3,819FF7,0.31189523782993
1362,109476,,7650,6688415,,,,26,Marietta Street / Perry Boulevard,3,819FF7,0.146940621782733
1363,109477,,7735,6683468,,,,94,Northside Drive,3,819FF7,0.0877707937344371
1364,109479,,7724,6689403,,,,186,Rainbow Drive / South DeKalb,3,819FF7,0.22021204167811
1365,109480,,7730,6643606,,,,195,Forest Parkway,3,819FF7,0.274236003236057
1366,109481,,7733,6677839,,,,221,Memorial Drive Limited,3,819FF7,0.0896236807517302
1367,109482,,7699,6643242,,,,117,Rockbridge Road / Panola Road,3,819FF7,0.235130395958441
1368,109483,,7704,6673425,,,,124,Pleasantdale Road,3,819FF7,0.128072433887802
1369,109484,,7706,6688745,,,,126,Chamblee-Tucker Road,3,819FF7,0.126986888597119
1370,109485,,7639,6693148,,,,6,Clifton Road / Emory,3,819FF7,0.0730969899913078
1371,109486,,7640,6688075,,,,8,North Druid Hills Road,3,819FF7,0.186800221922613
1372,109487,,7649,6644803,,,,25,Peachtree Industrial Boulevard,3,819FF7,0.104776153118911
1373,109488,,7679,6680962,,,,82,Camp Creek / South Fulton Parkway,3,819FF7,0.257965166742906
1374,109489,,7642,6683945,,,,12,Howell Mill Road / Cumberland,3,819FF7,0.146955589978621
1375,109490,,7692,6649455,,,,107,Glenwood,3,819FF7,0.240186321212601
1376,109491,,7659,6664644,,,,42,Pryor Road,3,819FF7,0.142756251041983
1377,109492,,7661,6672858,,,,49,McDonough Boulevard,3,819FF7,0.126524734541333
1378,109493,,7662,6685053,,,,50,Donald Lee Hollowell Parkway,3,819FF7,0.139256113448747
1379,109494,,7675,6683256,,,,75,Lawrenceville Highway,3,819FF7,0.174932611513726
1380,109495,,7692,6688524,,,,107,Glenwood,3,819FF7,0.220379938760285
1381,109496,,7694,6637928,,,,110,Church Street / North DeKalb Mall,3,819FF7,0.113516130019294
1382,109497,,7706,6633704,,,,126,Chamblee-Tucker Road,3,819FF7,0.139040488081378
1383,109498,,7637,6679996,,,,4,Moreland Avenue,3,819FF7,0.0925227150475972
1384,109499,,7658,6669345,,,,39,Buford Highway,3,819FF7,0.134158450831847
1385,109500,,7662,6683888,,,,50,Donald Lee Hollowell Parkway,3,819FF7,0.135065105864321
1386,109501,,7722,6670640,,,,183,Barge Road P&R / Lakewood,3,819FF7,0.101026142810873
1387,109502,,7706,6650494,,,,126,Chamblee-Tucker Road,3,819FF7,0.153832207890554
1388,109503,,7693,6689163,,,,809,Monroe Drive / Boulevard,3,819FF7,0.125841257873376
1389,109504,,7653,6632317,,,,32,Bouldercrest,3,819FF7,0.197289461654595
1390,109505,,7732,6681881,,,,201,Six Flags Over Georgia,3,819FF7,0.11298287682942
1391,109506,,7670,6644206,,,,867,Peyton Forest / Dixie Hills,3,819FF7,0.110218848124841
1392,109507,,7736,6631729,,,,823,Belvedere/Decatur,3,819FF7,0.109322329128085
1393,109508,,7668,6685254,,,,60,Hightower Road,3,819FF7,0.0943960144504326
1394,109509,,7679,6649168,,,,82,Camp Creek / South Fulton Parkway,3,819FF7,0.246386236869777
1395,109510,,7680,6632488,,,,83,Campbellton Road,3,819FF7,0.105072367516826
1396,109511,,7686,6693382,,,,93,Headland Drive / Main Street,3,819FF7,0.125672196771322
1397,109512,,7702,6688732,,,,121,Memorial Drive / N Hairston Road,3,819FF7,0.0701255443457825
1398,109513,,7715,6665953,,,,162,Myrtle Drive / Alison Court,3,819FF7,0.0456223852626187
1399,109514,,7716,6638021,,,,165,Fairburn Road,3,819FF7,0.11800047033394
1400,109515,,7720,6691697,,,,180,Roosevelt Highway,3,819FF7,0.285071865756162
1401,109516,,7738,6644229,,,,40,Peachtree Street / Downtown,3,819FF7,0.0800961595487512
1402,109517,,7659,6671571,,,,42,Pryor Road,3,819FF7,0.142756251041983
1403,109518,,7695,6639622,,,,111,Snapfinger Woods,3,819FF7,0.302892386761955
1404,109519,,7698,6670307,,,,116,Redan Road,3,819FF7,0.195791754163769
1405,109520,,7725,6643584,,,,189,Flat Shoals Road / Scofield Road,3,819FF7,0.168048837660408
1406,109521,,7732,6672913,,,,201,Six Flags Over Georgia,3,819FF7,0.11298287682942
1407,109522,,11840,6689162,,,,813,Atlanta Student Movement Boulevard,3,819FF7,0.0925367904332894
1408,109523,,7737,6638356,,,,865,Boulder Park Drive,3,819FF7,0.0223147638169227
1409,109524,,7660,6671572,,,,47,I-85 Access Road / Briarwood Road,3,819FF7,0.164954594260742
1410,109525,,7677,6669955,,,,79,Sylvan Hills,3,819FF7,0.10194495639748
1411,109526,,7700,6644242,,,,119,Hairston Road / Stone Mtn Village,3,819FF7,0.163463851608173
1412,109527,,7702,6661326,,,,121,Memorial Drive / N Hairston Road,3,819FF7,0.166200852713746
1413,109528,,7699,6685387,,,,117,Rockbridge Road / Panola Road,3,819FF7,0.287502272921213
1414,109529,,7707,6632619,,,,132,Tilly Mill Road,3,819FF7,0.0967440357767964
1415,109530,,7739,6654821,,,,142,East Holcomb Bridge Road,3,819FF7,0.115382543211258
1416,109531,,7643,6668334,,,,14,14th Street / Blandtown,3,819FF7,0.0935525033431693
1417,109532,,7646,6655920,,,,19,Clairmont Road,3,819FF7,0.138804790367015
1418,109533,,7713,6676515,,,,153,James Jackson Parkway,3,819FF7,0.0562139381646675
1419,109534,,7728,6659481,,,,193,Morrow / Jonesboro,3,819FF7,0.316648307730893
1420,109535,,7674,6649137,,,,74,Flat Shoals Road,3,819FF7,0.127478395247264
1421,109536,,7678,6669957,,,,81,Venetian Hills / Delowe Drive,3,819FF7,0.186021792512729
1422,109537,,7681,6682033,,,,84,Washington Rd/Camp Crk Marketplace,3,819FF7,0.126732934003128
1423,109538,,7695,6692594,,,,111,Snapfinger Woods,3,819FF7,0.301949567628344
1424,109539,,7697,6665614,,,,115,Covington Highway,3,819FF7,0.225470845630915
1425,109540,,7723,6656568,,,,185,Alpharetta / Old Milton Parkway,3,819FF7,0.235026128716757
1426,109541,,7732,6632761,,,,201,Six Flags Over Georgia,3,819FF7,0.100212061526511
1427,109542,,7639,6661954,,,,6,Clifton Road / Emory,3,819FF7,0.141073716084889
1428,109543,,7647,6692424,,,,21,Memorial Drive,3,819FF7,0.069502145593764
1429,109544,,7647,6637641,,,,21,Memorial Drive,3,819FF7,0.162037221338097
1430,109545,,7648,6648921,,,,24,McAfee / Hosea Williams,3,819FF7,0.234312277380734
1431,109547,,7673,6651510,,,,73,Fulton Industrial,3,819FF7,0.164440570068421
1432,109548,,7683,6669994,,,,86,Fairington Road,3,819FF7,0.253475683463037
1433,109549,,7686,6670001,,,,93,Headland Drive / Main Street,3,819FF7,0.132479706620235
1434,109550,,7697,6672672,,,,115,Covington Highway,3,819FF7,0.232955578655671
1435,109551,,7724,6639786,,,,186,Rainbow Drive / South DeKalb,3,819FF7,0.23311710405085
1436,109552,,7725,6662486,,,,189,Flat Shoals Road / Scofield Road,3,819FF7,0.180804152838726
1437,109553,,7733,6639866,,,,221,Memorial Drive Limited,3,819FF7,0.119736128040281
1438,109554,,11841,6638339,,,,850,Carroll Heights / Fairburn Heights,3,819FF7,0.0806828523938812
1439,109555,,7642,6642397,,,,12,Howell Mill Road / Cumberland,3,819FF7,0.107910310429065
1440,109556,,7648,6681714,,,,24,McAfee / Hosea Williams,3,819FF7,0.214618096517957
1441,109557,,7651,6647114,,,,27,Cheshire Bridge Road,3,819FF7,0.0888300973029878
1442,109558,,7667,6648839,,,,58,West Lake Avenue / Hollywood Road,3,819FF7,0.140329214077848
1443,109559,,7673,6665232,,,,73,Fulton Industrial,3,819FF7,0.151435217562999
1444,109560,,7706,6665906,,,,126,Chamblee-Tucker Road,3,819FF7,0.130150927197126
1445,109561,,7714,6682694,,,,155,Pittsburgh,3,819FF7,0.0985179704779572
1446,109562,,7721,6651052,,,,181,Washington Road / Fairburn,3,819FF7,0.246720027714837
1447,109563,,7732,6638294,,,,201,Six Flags Over Georgia,3,819FF7,0.100212061526511
1448,109564,,11841,6666572,,,,850,Carroll Heights / Fairburn Heights,3,819FF7,0.088066093580207
1449,109565,,7733,6662812,,,,221,Memorial Drive Limited,3,819FF7,0.116219611980178
1450,109566,,7670,6683517,,,,867,Peyton Forest / Dixie Hills,3,819FF7,0.0367205163842516
1451,109567,,7642,6684301,,,,12,Howell Mill Road / Cumberland,3,819FF7,0.122254091493912
1452,109568,,7643,6632266,,,,14,14th Street / Blandtown,3,819FF7,0.101813284774201
1453,109569,,11845,6676502,,,,133,Shallowford Road,3,819FF7,0.0949408778101008
1454,109570,,7731,6666887,,,,196,Upper Riverdale / Southlake,3,819FF7,0.186311985235014
1455,109571,,7696,6661285,,,,114,Columbia Drive,3,819FF7,0.133692093172312
1456,109572,,7698,6689426,,,,116,Redan Road,3,819FF7,0.198536955654727
1457,109573,,7706,6673426,,,,126,Chamblee-Tucker Road,3,819FF7,0.130707369043609
1458,109574,,7711,6633736,,,,148,Mount Vernon Highway,3,819FF7,0.111162824661178
1459,109575,,7721,6663467,,,,181,Washington Road / Fairburn,3,819FF7,0.189808118898347
1460,109576,,7728,6676824,,,,193,Morrow / Jonesboro,3,819FF7,0.27940143131296
1461,109577,,7740,6633899,,,,295,Metropolitan Campus Express,3,819FF7,0.0546147653550257
1462,109578,,7707,6670589,,,,132,Tilly Mill Road,3,819FF7,0.0891566501809889
1463,109579,,7712,6646688,,,,150,Perimeter Center / Dunwoody Village,3,819FF7,0.114061990478668
1464,109580,,7723,6656570,,,,185,Alpharetta / Old Milton Parkway,3,819FF7,0.242800970400652
1465,109581,,7732,6666273,,,,201,Six Flags Over Georgia,3,819FF7,0.11298287682942
1466,109582,,7732,6693496,,,,201,Six Flags Over Georgia,3,819FF7,0.100212061526511
1467,109583,,7703,6632609,,,,123,Church Street / North DeKalb Mall,3,819FF7,0.101005545064491
1468,109584,,7705,6661794,,,,125,Clarkston / Northlake,3,819FF7,0.1371328608297
1469,109585,,7720,6638044,,,,180,Roosevelt Highway,3,819FF7,0.282118997608661
1470,109587,,7659,6665656,,,,42,Pryor Road,3,819FF7,0.145021264020505
1471,109588,,7673,6670382,,,,73,Fulton Industrial,3,819FF7,0.171367240585024
1472,109589,,7699,6690499,,,,117,Rockbridge Road / Panola Road,3,819FF7,0.239779853231413
1473,109590,,7705,6661792,,,,125,Clarkston / Northlake,3,819FF7,0.123036194575311
1474,109591,,7718,6656549,,,,172,Sylvan Road / Virginia Avenue,3,819FF7,0.144988177026723
1475,109592,,7727,6676820,,,,192,Old Dixie / Tara Boulevard,3,819FF7,0.254838663680494
1476,109593,,7732,6689136,,,,201,Six Flags Over Georgia,3,819FF7,0.11298287682942
1477,109594,,11840,6689702,,,,813,Atlanta Student Movement Boulevard,3,819FF7,0.0838744507549959
1478,109595,,7667,6685478,,,,58,West Lake Avenue / Hollywood Road,3,819FF7,0.148255910528865
1479,109596,,7689,6637907,,,,102,North Avenue / Little Five Points,3,819FF7,0.0755617902735966
1480,109597,,7703,6637973,,,,123,Church Street / North DeKalb Mall,3,819FF7,0.0970512104001208
1481,109598,,7720,6632673,,,,180,Roosevelt Highway,3,819FF7,0.287465999689358
1482,109599,,7732,6666539,,,,201,Six Flags Over Georgia,3,819FF7,0.100212061526511
1483,109600,,7669,6642584,,,,66,Lynhurst Drive / Princeton Lakes,3,819FF7,0.22209710743546
1484,109601,,7688,6650450,,,,816,North Highland Avenue,3,819FF7,0.127968911694649
1485,109602,,7666,6633961,,,,856,Baker Hills / Wilson Mill Meadows,3,819FF7,0.0160497218551684
1486,109603,,7670,6657200,,,,867,Peyton Forest / Dixie Hills,3,819FF7,0.112769339648676
1487,109604,,7641,6648442,,,,9,Boulevard / Tilson Road,3,819FF7,0.17814659864653
1488,109605,,7650,6664597,,,,26,Marietta Street / Perry Boulevard,3,819FF7,0.156734576829756
1489,109606,,7683,6665295,,,,86,Fairington Road,3,819FF7,0.2424438063382
1490,109607,,7701,6689722,,,,120,East Ponce De Leon Avenue,3,819FF7,0.144221398743383
1491,109608,,7715,6643297,,,,162,Myrtle Drive / Alison Court,3,819FF7,0.0569484949444288
1492,109609,,7719,6661150,,,,178,Empire Blvd / Southside Ind Park,3,819FF7,0.0993240369819414
1493,109610,,7638,6688070,,,,5,Piedmont Road / Sandy Springs,3,819FF7,0.150583941683386
1494,109611,,7639,6689332,,,,6,Clifton Road / Emory,3,819FF7,0.141082475929552
1495,109612,,7642,6655898,,,,12,Howell Mill Road / Cumberland,3,819FF7,0.137639500106456
1496,109613,,7685,6677779,,,,89,Old National Highway / Union City,3,819FF7,0.212721170952508
1497,109614,,7695,6682091,,,,111,Snapfinger Woods,3,819FF7,0.207689452229409
1498,109615,,7719,6650084,,,,178,Empire Blvd / Southside Ind Park,3,819FF7,0.0344344173124699
1499,109616,,7731,6650389,,,,196,Upper Riverdale / Southlake,3,819FF7,0.255626286708933
1500,109617,,7732,6684700,,,,201,Six Flags Over Georgia,3,819FF7,0.11298287682942
1501,109618,,7644,6692699,,,,15,Candler Road,3,819FF7,0.136986232883226
1502,109619,,7647,6638379,,,,21,Memorial Drive,3,819FF7,0.163279709405949
1503,109620,,7697,6676881,,,,115,Covington Highway,3,819FF7,0.170212509778072
1504,109621,,7714,6682693,,,,155,Pittsburgh,3,819FF7,0.104142607485186
1505,109622,,7719,6693456,,,,178,Empire Blvd / Southside Ind Park,3,819FF7,0.126005152808842
1506,109623,,7723,6659445,,,,185,Alpharetta / Old Milton Parkway,3,819FF7,0.247559857446405
1507,109624,,7729,6643601,,,,194,Conley Road / Mt Zion,3,819FF7,0.350500159355893
1508,109625,,7652,6688040,,,,30,LaVista Road,3,819FF7,0.159529013005616
1509,109626,,7696,6688534,,,,114,Columbia Drive,3,819FF7,0.131238823422769
1510,109627,,7732,6670931,,,,201,Six Flags Over Georgia,3,819FF7,0.11298287682942
1511,109628,,7732,6638101,,,,201,Six Flags Over Georgia,3,819FF7,0.11298287682942
1512,109630,,7670,6677182,,,,867,Peyton Forest / Dixie Hills,3,819FF7,0.119978813728406
1513,109631,,7644,6641982,,,,15,Candler Road,3,819FF7,0.187898229601046
1514,109632,,7637,6661938,,,,4,Moreland Avenue,3,819FF7,0.0909797374002733
1515,109633,,7671,6639268,,,,68,Benjamin E Mays Drive,3,819FF7,0.0618312123430116
1516,109634,,7702,6676925,,,,121,Memorial Drive / N Hairston Road,3,819FF7,0.0693150717035358
1517,109635,,7736,6656895,,,,823,Belvedere/Decatur,3,819FF7,0.079709169709524
1518,109636,,11841,6638338,,,,850,Carroll Heights / Fairburn Heights,3,819FF7,0.112307230249476
1519,109637,,7639,6638178,,,,6,Clifton Road / Emory,3,819FF7,0.132917962554422
1520,109638,,7646,6660065,,,,19,Clairmont Road,3,819FF7,0.142195433782912
1521,109639,,7650,6637661,,,,26,Marietta Street / Perry Boulevard,3,819FF7,0.157222698325685
1522,109640,,7658,6660364,,,,39,Buford Highway,3,819FF7,0.135532530731025
1523,109641,,7671,6675388,,,,68,Benjamin E Mays Drive,3,819FF7,0.0642121698172227
1524,109642,,7716,6665958,,,,165,Fairburn Road,3,819FF7,0.0938651039744072
1525,109643,,7642,6692405,,,,12,Howell Mill Road / Cumberland,3,819FF7,0.168738249231866
1526,109644,,7659,6633240,,,,42,Pryor Road,3,819FF7,0.149258743387265
1527,109645,,7667,6660647,,,,58,West Lake Avenue / Hollywood Road,3,819FF7,0.145863748557176
1528,109646,,7671,6680904,,,,68,Benjamin E Mays Drive,3,819FF7,0.178686068636376
1529,109647,,7676,6689189,,,,78,Cleveland Ave,3,819FF7,0.0847061025303915
1530,109648,,7682,6632504,,,,85,Roswell / Mansell Road,3,819FF7,0.163116919732853
1531,109649,,7684,6637890,,,,87,Roswell Road / Morgan Falls,3,819FF7,0.192445478887825
1532,109650,,7694,6649473,,,,110,Church Street / North DeKalb Mall,3,819FF7,0.111286845345195
1533,109651,,7728,6633845,,,,193,Morrow / Jonesboro,3,819FF7,0.341706788350992
1534,109652,,7732,6638102,,,,201,Six Flags Over Georgia,3,819FF7,0.11298287682942
1535,109653,,7732,6674941,,,,201,Six Flags Over Georgia,3,819FF7,0.100212061526511
1536,109656,,7679,6676273,,,,82,Camp Creek / South Fulton Parkway,3,819FF7,0.259981065618887
1537,109657,,7695,6671011,,,,111,Snapfinger Woods,3,819FF7,0.310985697889513
1538,109658,,7704,6649786,,,,124,Pleasantdale Road,3,819FF7,0.128654568815427
1539,109659,,7706,6673521,,,,126,Chamblee-Tucker Road,3,819FF7,0.146988710308209
1540,109660,,7719,6643562,,,,178,Empire Blvd / Southside Ind Park,3,819FF7,0.0557686310976397
1541,109661,,7722,6632678,,,,183,Barge Road P&R / Lakewood,3,819FF7,0.109554375784164
1542,109662,,7728,6688942,,,,193,Morrow / Jonesboro,3,819FF7,0.313981517966913
1543,109663,,7634,6651068,,,,1,Marietta Blvd/Joseph E Lowery Blvd,3,819FF7,0.10652951082497
1544,109664,,7635,6688371,,,,2,Ponce de Leon Avenue / Druid Hills,3,819FF7,0.084393835009306
1545,109665,,7638,6668324,,,,5,Piedmont Road / Sandy Springs,3,819FF7,0.154165469528332
1546,109666,,7663,6664917,,,,51,Joseph E Boone Boulevard,3,819FF7,0.1100904657868
1547,109667,,7685,6651079,,,,89,Old National Highway / Union City,3,819FF7,0.205409737166512
1548,109668,,7702,6632600,,,,121,Memorial Drive / N Hairston Road,3,819FF7,0.160097182926678
1549,109669,,7705,6677483,,,,125,Clarkston / Northlake,3,819FF7,0.119969121321797
1550,109670,,7706,6639698,,,,126,Chamblee-Tucker Road,3,819FF7,0.133963316264742
1551,109671,,7727,6684586,,,,192,Old Dixie / Tara Boulevard,3,819FF7,0.247134075385445
1552,56371,,8746,2454996,,,,GOLD,GOLD-Northeast Doraville Line,1,FFBF00,0.345425392338245
1553,56381,,8746,2455055,,,,GOLD,GOLD-Northeast Doraville Line,1,FFBF00,0.345425718263584
1554,56388,,8747,2454921,,,,RED,RED-North South North Springs Line,1,FF0000,0.149305550716057
1555,56390,,8747,2454875,,,,RED,RED-North South North Springs Line,1,FF0000,0.367471900393108
1556,56398,,8747,2454979,,,,RED,RED-North South North Springs Line,1,FF0000,0.151502824966289
1557,56400,,8747,2454934,,,,RED,RED-North South North Springs Line,1,FF0000,0.3677469003931
1558,56406,,8748,2474070,,,,GREEN,GREEN-Proctor Creek Line,1,04B404,0.109809609363133
1559,56410,,8748,2455296,,,,GREEN,GREEN-Proctor Creek Line,1,04B404,0.0654915989592923
1560,56415,,8748,2455285,,,,GREEN,GREEN-Proctor Creek Line,1,04B404,0.0353473435792794
1561,56421,,8748,2474168,,,,GREEN,GREEN-Proctor Creek Line,1,04B404,0.109637247694776
1562,56422,,8748,2474166,,,,GREEN,GREEN-Proctor Creek Line,1,04B404,0.107270011040905
1563,56426,,8748,2455357,,,,GREEN,GREEN-Proctor Creek Line,1,04B404,0.065574250264285
1564,56432,,8748,2455345,,,,GREEN,GREEN-Proctor Creek Line,1,04B404,0.0353473435792797
1565,56688,,8766,2475970,,,,BLUE,BLUE-East/West Line,1,0101DF,0.254861592717215
1566,56690,,8766,2475969,,,,BLUE,BLUE-East/West Line,1,0101DF,0.256944053126217
1567,56691,,8766,2475710,,,,BLUE,BLUE-East/West Line,1,0101DF,0.0567728783702966
1568,56692,,8766,2475973,,,,BLUE,BLUE-East/West Line,1,0101DF,0.177076920163794
1569,56699,,8766,2476032,,,,BLUE,BLUE-East/West Line,1,0101DF,0.255518936819902
1570,56702,,8766,2476031,,,,BLUE,BLUE-East/West Line,1,0101DF,0.177291555725171
1571,56703,,8766,2476037,,,,BLUE,BLUE-East/West Line,1,0101DF,0.0809905684199855
